{"CRIM":{"0":0.00632,"1":0.02731,"2":0.02729,"3":0.03237,"4":0.06905},"ZN":{"0":18.0,"1":0.0,"2":0.0,"3":0.0,"4":0.0},"INDUS":{"0":2.31,"1":7.07,"2":7.07,"3":2.18,"4":2.18},"CHAS":{"0":0.0,"1":0.0,"2":0.0,"3":0.0,"4":0.0},"NOX":{"0":0.538,"1":0.469,"2":0.469,"3":0.458,"4":0.458},"RM":{"0":6.575,"1":6.421,"2":7.185,"3":6.998,"4":7.147},"AGE":{"0":65.2,"1":78.9,"2":61.1,"3":45.8,"4":54.2},"DIS":{"0":4.09,"1":4.9671,"2":4.9671,"3":6.0622,"4":6.0622},"RAD":{"0":1.0,"1":2.0,"2":2.0,"3":3.0,"4":3.0},"TAX":{"0":296.0,"1":242.0,"2":242.0,"3":222.0,"4":222.0},"PTRATIO":{"0":15.3,"1":17.8,"2":17.8,"3":18.7,"4":18.7},"B":{"0":396.9,"1":396.9,"2":392.83,"3":394.63,"4":396.9},"LSTAT":{"0":4.98,"1":9.14,"2":4.03,"3":2.94,"4":5.33}}